[
  {
    "Id": "617243",
    "ThreadId": "258778",
    "Html": "\r\n<p>How can I use matchers with NMock3? For example, while calling MethodWith....?</p>\r\n",
    "PostedDate": "2011-05-24T03:36:20.317-07:00",
    "UserRole": null,
    "MarkedAsAnswerDate": null
  },
  {
    "Id": "617303",
    "ThreadId": "258778",
    "Html": "<p>Figured it out.</p>\n<p>Use the Method instead of MethodWith.</p>\n<p>For example, your mockobject interface defines a method called Print(Car someCar). You have written a matcher for matching cars called CarMatcher.</p>\n<p>This is how your expectation can look like:</p>\n<p>Car car = new Car(\"some stuff\"); // This is just to give you the idea. You would probably have set this up and now want to expect that the Print method is called with a Car instance that matches what you have set up.</p>\n<p>this.mockCar.Expects.One.Method(x =&gt; x.Print(car).With(new CarMatcher(car));</p>\n<p>&nbsp;</p>\n<p>This should work just fine. Somehow, I don't like the feel of this, though. On one hand, I supply a lambda 'x =&gt; x.Print(car)' which says that the car instance that I specified above is to be passed, and on the other hand, I am setting up an matcher to compare....</p>\n<p>Any better way to do this?</p>",
    "PostedDate": "2011-05-24T05:12:17.927-07:00",
    "UserRole": null,
    "MarkedAsAnswerDate": null
  },
  {
    "Id": "617329",
    "ThreadId": "258778",
    "Html": "<p>No complaints anymore.</p>\r\n<p>I can use null in the lambda expression like this:&nbsp;this.mockCar.Expects.One.Method(x =&gt; x.Print(null).With(new CarMatcher(car));</p>\r\n<p>I figure it is okay to&nbsp;use either&nbsp;use null or default(Car) along with matchers.</p>\r\n<div id=\"_mcePaste\" class=\"mcePaste\" style=\"position: absolute; width: 1px; height: 1px; overflow: hidden; top: 0px; left: -10000px;\">﻿</div>",
    "PostedDate": "2011-05-24T06:05:39.557-07:00",
    "UserRole": null,
    "MarkedAsAnswerDate": null
  },
  {
    "Id": "618404",
    "ThreadId": "258778",
    "Html": "<p>exactly right!&nbsp; I use null in the lambda because it is just needed for the method signature.</p>\r\n<p>I wish I had better documentation on the matchers as I realize they are a tricky part.&nbsp; Please let me know if you find that the built in matchers aren't enough for you.&nbsp; I don't know what you are trying to do but have a look at the LikeMatcher which (I think) makes you implement IComparable on your object.&nbsp; This way you will be writing less unit test code (CarMatcher) and more business code (IComparable) that may help later on in the main app.&nbsp; Also there is the PredicateMatcher which allows you to send the matching logic out to a private method....just some ideas.</p>",
    "PostedDate": "2011-05-25T19:00:55.27-07:00",
    "UserRole": null,
    "MarkedAsAnswerDate": null
  },
  {
    "Id": "618570",
    "ThreadId": "258778",
    "Html": "<p>I look up the documentation for NMock2 as well as the cheat sheet for NMock3 now.</p>\r\n<p>I like implementing matchers because of the ease in trouble shooting provided by the 'DescribeTo' method. I have got tons of matchers in my projects. (tons = just 5-10 :)). Moreover, we usually refrain from adding/modifying production code for unit tests. In that way, implementing IComparable is not preferred until it is needed in a business work flow. I agree that it can be handy, though.</p>\r\n<p>PredicateMatcher sounds fine, but then again, we will/should create common methods since the same objects will be used from different test classes. I will definitely consider this for comparing one-off types.</p>\r\n<p>Thank you :)</p>",
    "PostedDate": "2011-05-26T03:06:03.01-07:00",
    "UserRole": null,
    "MarkedAsAnswerDate": null
  },
  {
    "Id": "685110",
    "ThreadId": "258778",
    "Html": "<blockquote style=\"border: solid .1em #ccc; font-style: italic; margin: .25em 1em 0 1em; padding: 0 .25em 0 .25em;\">It would be nice if&nbsp; we could&nbsp; specify expectations as mockCar.Expects.One.Method(x =&gt; x.Print(With(new CarMatcher(car)) ) similar to jmock2<br /></blockquote>\n<blockquote style=\"border: solid .1em #ccc; font-style: italic; margin: .25em 1em 0 1em; padding: 0 .25em 0 .25em;\"><strong>jim4u wrote:</strong><br /></blockquote>\n<blockquote style=\"border: solid .1em #ccc; font-style: italic; margin: .25em 1em 0 1em; padding: 0 .25em 0 .25em;\">\n<p>No complaints anymore.</p>\n<p>I can use null in the lambda expression like this:&nbsp;this.mockCar.Expects.One.Method(x =&gt; x.Print(null).With(new CarMatcher(car));</p>\n<p>I figure it is okay to&nbsp;use either&nbsp;use null or default(Car) along with matchers.</p>\n<p>&nbsp;</p>\n<p>i</p>\n<div id=\"_mcePaste\" class=\"mcePaste\" style=\"position: absolute; width: 1px; height: 1px; overflow: hidden; top: 0px; left: -10000px;\">﻿</div>\n</blockquote>",
    "PostedDate": "2011-10-17T02:51:56.08-07:00",
    "UserRole": null,
    "MarkedAsAnswerDate": null
  }
]