[
  {
    "Id": "704468",
    "ThreadId": "281103",
    "Html": "\r\n<p>I can't figure out why I'm getting a cast exception on this line:</p>\r\n<pre><span style=\"color:#ff0000\">            IRestServiceClient client = new RestServiceClient((IRestRequestBuilderFactory)restRequestBuilderFactory);\r\n</span></pre>\r\n<p><span style=\"color:#000080\">The mock is declared here:</span></p>\r\n<p><span style=\"color:#ff0000\">&nbsp; &nbsp; &nbsp; &nbsp; private Mock&lt;IRestRequestBuilderFactory&gt; factory;</span></p>\r\n<p>and created in the SetUp method:</p>\r\n<p><span style=\"white-space:pre\">&nbsp; &nbsp; &nbsp; &nbsp; &nbsp; &nbsp; factory = mockFactory.CreateMock&lt;IRestRequestBuilderFactory&gt;();</span></p>\r\n<p>I must be missing something fundamental: if a mock can't be cast to the interface it's supposedly mocking, what kind of a mock is it?</p>\r\n<p>I'm using NMock3 with Visual Studio 2008, so I can't run the tutorial. &nbsp;I can't find any other documentation online, including the legendary NMock3 cheat sheet.</p>\r\n<p>&nbsp;</p>\r\n<p><span style=\"white-space:pre\">C</span>omplete listing:</p>\r\n<div></div>\r\n<pre><div style=\"color:black; background-color:white\"><pre><span style=\"color:blue\">using</span> System;\r\n<span style=\"color:blue\">using</span> System.Collections.Generic;\r\n<span style=\"color:blue\">using</span> System.Text;\r\n<span style=\"color:blue\">using</span> GPICore.Repository.WebService;\r\n<span style=\"color:blue\">using</span> NMock2;\r\n<span style=\"color:blue\">using</span> NUnit.Framework;\r\n\r\n<span style=\"color:blue\">namespace</span> NorthernTrust.GPI.Home.Test.UnitTest.Repository.WebService\r\n{\r\n\r\n    <span style=\"color:blue\">public</span> <span style=\"color:blue\">class</span> NMockTempTest\r\n    {\r\n        <span style=\"color:blue\">private</span> <span style=\"color:blue\">static</span> <span style=\"color:blue\">readonly</span> RestResourceType ResourceType = RestResourceType.SplashMessage;\r\n        <span style=\"color:blue\">private</span> <span style=\"color:blue\">static</span> <span style=\"color:blue\">readonly</span> RestResourceMethod Method = RestResourceMethod.GET;\r\n\r\n        <span style=\"color:blue\">private</span> MockFactory mockFactory;\r\n        <span style=\"color:blue\">private</span> Mock&lt;IRestRequest&gt; request;\r\n        <span style=\"color:blue\">private</span> Mock&lt;IRestRequestBuilderFactory&gt; factory;\r\n        <span style=\"color:blue\">private</span> Mock&lt;IRestRequestBuilder&gt; builder;\r\n\r\n        [SetUp]\r\n        <span style=\"color:blue\">public</span> <span style=\"color:blue\">void</span> Setup()\r\n        {\r\n            mockFactory = <span style=\"color:blue\">new</span> MockFactory();\r\n            request = mockFactory.CreateMock&lt;IRestRequest&gt;();\r\n            factory = mockFactory.CreateMock&lt;IRestRequestBuilderFactory&gt;();\r\n            Assert.NotNull(factory);\r\n            builder = mockFactory.CreateMock&lt;IRestRequestBuilder&gt;();\r\n        }\r\n\r\n        [Test]\r\n        <span style=\"color:blue\">public</span> <span style=\"color:blue\">void</span> TheServiceBuildsTheRequest()\r\n        {\r\n            factory.Expects.One.MethodWith(f =&gt; f.GetBuilder()).WillReturn(builder <span style=\"color:blue\">as</span> IRestRequestBuilder);\r\n\r\n            builder.Expects.One.MethodWith(b =&gt; b.ResourceType(ResourceType))\r\n                .WillReturn(builder <span style=\"color:blue\">as</span> IRestRequestBuilder);\r\n            builder.Expects.One.MethodWith(b =&gt; b.Method(Method))\r\n                .WillReturn(builder <span style=\"color:blue\">as</span> IRestRequestBuilder);\r\n            builder.Expects.One.MethodWith(b =&gt; b.Build()).WillReturn(request <span style=\"color:blue\">as</span> IRestRequest);\r\n\r\n            <span style=\"color:blue\">var</span> restRequestBuilderFactory = factory;\r\n            Assert.NotNull(restRequestBuilderFactory);\r\n            IRestServiceClient client = new RestServiceClient((IRestRequestBuilderFactory)restRequestBuilderFactory);\r\n\r\n            client.Get(ResourceType, <span style=\"color:#a31515\">&quot;&quot;</span>);\r\n            mockFactory.VerifyAllExpectationsHaveBeenMet();\r\n        }\r\n    }\r\n}\r\n\r\n</pre>\r\n</div>\r\nThe error message:</pre>\r\n<pre><span style=\"font-family:'Segoe UI','Microsoft Sans Serif',Arial,Geneva,sans-serif; font-size:20px; font-weight:bold; white-space:normal\">TheServiceBuildsTheRequest : Failed</span></pre>\r\n<div>\r\n<div>System.InvalidCastException&nbsp;:&nbsp;Unable&nbsp;to&nbsp;cast&nbsp;object&nbsp;of&nbsp;type&nbsp;'NMock2.Mock`1[GPICore.Repository.WebService.IRestRequestBuilderFactory]'&nbsp;to&nbsp;type&nbsp;'GPICore.Repository.WebService.IRestRequestBuilderFactory'.</div>\r\n<div>at&nbsp;<span><span>NorthernTrust.GPI.Home.Test.UnitTest.Repository.WebService.NMockTempTest</span></span>.<span>TheServiceBuildsTheRequest</span>() in&nbsp;<a href=\"\">NMockTempTest.cs:&nbsp;line&nbsp;44</a></div>\r\n</div>\r\n",
    "PostedDate": "2011-11-28T15:27:30.677-08:00",
    "UserRole": null,
    "MarkedAsAnswerDate": null
  },
  {
    "Id": "704471",
    "ThreadId": "281103",
    "Html": "<p>Sorry for the confusion - I assigned <em>factory</em>&nbsp;to a var named <em>restRequestBuilderFactory</em>&nbsp;as part of a failed debugging attempt.</p>",
    "PostedDate": "2011-11-28T15:30:07.933-08:00",
    "UserRole": null,
    "MarkedAsAnswerDate": null
  },
  {
    "Id": "858313",
    "ThreadId": "281103",
    "Html": "<p>Tried using the mock<strong>.MockObject</strong> property?</p>\r\n<p>i.e.,&nbsp;</p>\r\n<pre>IRestServiceClient client = new RestServiceClient((IRestRequestBuilderFactory)restRequestBuilderFactory<strong>.MockObject</strong>);</pre>",
    "PostedDate": "2012-07-06T05:46:24.62-07:00",
    "UserRole": null,
    "MarkedAsAnswerDate": null
  },
  {
    "Id": "858435",
    "ThreadId": "281103",
    "Html": "<p>Thanks for the tip, but our benevolent overlords have made it academic: &nbsp;NMock is not approved software, so we're using Moq.</p>",
    "PostedDate": "2012-07-06T10:34:29.077-07:00",
    "UserRole": null,
    "MarkedAsAnswerDate": null
  }
]