[
  {
    "Id": "670455",
    "ThreadId": "272249",
    "Html": "\r\n<p>Hello,</p>\r\n<p><em><strong>NMock.IncompleteExpectationException: You have to set the return value for method 'ListTeacherSignatures' on 'resultChoiceModel' mock.</strong></em></p>\r\n<p>I have written an expectation on a method in a mock object that actually returns a value, but I have not specified a 'With' or 'MethodWith'. I usually do this when the method itself is not created. I write a failing test for it, create the method, make it\r\n pass <em>and then</em> write expectations on what should happen if that method returns some value. This exception forces me to specify the return value at the beginning itself.</p>\r\n<p>Is this by design because it is a good practice or..?</p>\r\n<p>Regards,</p>\r\n<p>Jim</p>\r\n",
    "PostedDate": "2011-09-11T23:47:43.883-07:00",
    "UserRole": null,
    "MarkedAsAnswerDate": null
  }
]