[
  {
    "Id": "428111",
    "ThreadId": "208516",
    "Html": "<p>Check it out: <a href=\"http://blog.eweibel.net/?p=376\">http://blog.eweibel.net/?p=376</a></p>\r\n<p>Let us know if you post your own review.</p>\r\n<p>Also, please comment on what you would like to see in the future.&nbsp; How would AAA look in NMock3?&nbsp; What more can be done to support mocking classes?&nbsp; Should there be work to integrate with Pex (<a href=\"http://research.microsoft.com/en-us/projects/Pex/\">http://research.microsoft.com/en-us/projects/Pex/</a>)?</p>",
    "PostedDate": "2010-04-06T19:06:44.237-07:00",
    "UserRole": null,
    "MarkedAsAnswerDate": null
  }
]