[
  {
    "Id": "496482",
    "ThreadId": "227990",
    "Html": "<p>In .net 4.0 you have the  ability to use parallel APIs for simple for and foreach statements quite  easy. After trying this, I ran into problems with MockObject.Invoke  because it is not synchronized in any way and it's using collection writes  without locking.</p>\r\n<p>In order to fully benefit from NMock3 and the new parallel APIs I think we need thread safe mock objects. Possibly an<span style=\"color:#2b91af\"> IMockObjectFactory </span> that uses a thread safe<span style=\"color:#2b91af\"> IInterceptor</span> implementation.</p>\r\n<p>IMHO it doesn't have to be thread safe while creating the mock objects and setting the expectations. But it has to be thread safe when calling the mock objects methods.</p>\r\n<p>What do you think? It there an easy way of implementing something like this?</p>",
    "PostedDate": "2010-09-21T06:36:27.01-07:00",
    "UserRole": null,
    "MarkedAsAnswerDate": null
  },
  {
    "Id": "497345",
    "ThreadId": "227990",
    "Html": "<p>Hi Sockenfresser,</p>\r\n<p>I saw this request come across the NMock2 mailing list.&nbsp; Glad you found us here at NMock3.&nbsp; I should be able to implement it.&nbsp; <span style=\"text-decoration:underline\"><strong>Can you write a failing unit test and post it here?</strong></span></p>\r\n<p>2 things to consider:<br>1. The NMock API will be changing with our next release and it will not be backward compatible with NMock2.&nbsp; The migration will be straight forward but not automatic.&nbsp; I will not be doing any modifications to the NMock2 release (our last release).&nbsp; If that release is important to you, you can get the code on the &quot;Source Code&quot; tab.<br>2. If the problem is in the Castle.DynamicProxy code, I will forward the request to that team.&nbsp; I will then wait for a fix from them.</p>",
    "PostedDate": "2010-09-22T20:29:22.323-07:00",
    "UserRole": null,
    "MarkedAsAnswerDate": null
  },
  {
    "Id": "497393",
    "ThreadId": "227990",
    "Html": "<p>Hi pwolfe,</p>\r\n<p>here is the unit test you asked for.\r\n<div style=\"color:black;background-color:white\">\r\n<pre>\r\n        <span style=\"color:green\">// Interface to create a stub for</span>\r\n        <span style=\"color:blue\">public</span> <span style=\"color:blue\">interface</span> ITestElement\r\n        {\r\n            <span style=\"color:blue\">bool</span> Matches(<span style=\"color:blue\">int</span> toMatch);\r\n        }\r\n\r\n        [TestMethod]\r\n        <span style=\"color:blue\">public</span> <span style=\"color:blue\">void</span> Stub_CallingStubMethodFromDifferentThreads_NoExceptionShouldBeThrown()\r\n        {\r\n            Stub&lt;ITestElement&gt; stubElement1 = factory.CreateStub&lt;ITestElement&gt;();\r\n            Stub&lt;ITestElement&gt; stubElement2 = factory.CreateStub&lt;ITestElement&gt;();\r\n            stubElement1.Out.MethodWith(e =&gt; e.Matches(1)).WillReturn(<span style=\"color:blue\">true</span>);\r\n            stubElement2.Out.MethodWith(e =&gt; e.Matches(1)).WillReturn(<span style=\"color:blue\">true</span>);\r\n            stubElement1.Out.MethodWith(e =&gt; e.Matches(2)).WillReturn(<span style=\"color:blue\">true</span>);\r\n            stubElement2.Out.MethodWith(e =&gt; e.Matches(2)).WillReturn(<span style=\"color:blue\">true</span>);\r\n            stubElement1.Out.MethodWith(e =&gt; e.Matches(3)).WillReturn(<span style=\"color:blue\">true</span>);\r\n            stubElement2.Out.MethodWith(e =&gt; e.Matches(3)).WillReturn(<span style=\"color:blue\">true</span>);\r\n            stubElement1.Out.MethodWith(e =&gt; e.Matches(5)).WillReturn(<span style=\"color:blue\">true</span>);\r\n            stubElement2.Out.MethodWith(e =&gt; e.Matches(5)).WillReturn(<span style=\"color:blue\">true</span>);\r\n            stubElement1.Out.MethodWith(e =&gt; e.Matches(7)).WillReturn(<span style=\"color:blue\">true</span>);\r\n            stubElement2.Out.MethodWith(e =&gt; e.Matches(7)).WillReturn(<span style=\"color:blue\">true</span>);\r\n            stubElement1.Out.MethodWith(e =&gt; e.Matches(8)).WillReturn(<span style=\"color:blue\">true</span>);\r\n            stubElement2.Out.MethodWith(e =&gt; e.Matches(9)).WillReturn(<span style=\"color:blue\">true</span>);\r\n\r\n            System.Threading.Tasks.Parallel.ForEach(<span style=\"color:blue\">new</span> <span style=\"color:blue\">int</span>[]{1,2,3,4,5,6,7,8,9,10},\r\n                testElement =&gt;\r\n                {\r\n                    stubElement1.MockObject.Matches(testElement);\r\n                    stubElement2.MockObject.Matches(testElement);\r\n                });\r\n\r\n            <span style=\"color:green\">// No Exception should be thrown</span>\r\n        }\r\n\r\n</pre>\r\n</div>\r\nIt's .net 4.0 only test, because of the use of the Parallel API. I don't know if this one will fail on every machine. It's more like an integration test and the behaviour will depend on the number of cores maybe. I have an i7 with 4 cores plus HT. So maybe it only happens with a lot of threads. I know the problem itself is depending on timing. On my machine it fails every time. Please try it yourself.</p>",
    "PostedDate": "2010-09-23T00:03:26.01-07:00",
    "UserRole": null,
    "MarkedAsAnswerDate": null
  },
  {
    "Id": "498077",
    "ThreadId": "227990",
    "Html": "<p>What do you think of these lines?</p>\r\n<p>stubElement1.Stub.Out.Method(e =&gt; e.Matches(1)).WithArguments(Is.In(<span style=\"color:blue\">new</span> <span style=\"color:blue\">int</span>[] { 1, 2, 3, 4, 5, 6, 7, 8, 9, 10 })).WillReturn(<span style=\"color:blue\">true</span>);</p>\r\n<p>stubElement2.Stub.Out.Method(e =&gt; e.Matches(1)).WithArguments(Is.In(<span style=\"color:blue\">new</span> <span style=\"color:blue\">int</span>[] { 1, 2, 3, 4, 5, 6, 7, 8, 9, 10 })).WillReturn(<span style=\"color:blue\">true</span>);</p>\r\n<p>Because you don't know which stub will get which integer in the ForEach loop, you would have to add all integers to both stubs.&nbsp; By doing this both stubs are ready for all integers and will return true.&nbsp; I updated the test to be like this and it does not throw an exception.&nbsp; I was expecting an exception when a collection internally was referenced but I have not been able to create that.&nbsp; I will get a checkin today and you can see the test and the new bits.</p>",
    "PostedDate": "2010-09-24T07:22:12.52-07:00",
    "UserRole": null,
    "MarkedAsAnswerDate": null
  }
]