[
  {
    "Id": "1414986",
    "ThreadId": "631158",
    "Html": "How to Expect and Assert a Method without return?  Thanks<br />\n(mis.mock.SetNumber(10) <br />\n<br />\nMy code here is not working<br />\n<pre><code> [TestMethod]\n        public void TestSampleOrdered()\n        {\n            MockFactory mf = new MockFactory();\n            Mock&lt;ISample&gt; mis = mf.CreateMock&lt;ISample&gt;();\n\n            using (mf.Ordered())\n            {\n                mis.Expects.One.Method(a =&gt; a.GetNumber()).WillReturn(1);\n                mis.Expects.One.Method(a =&gt; a.SetNumber(10));\n            }\n\n            Assert.AreEqual(1, mis.MockObject.GetNumber());\n           mis.MockObject.SetNumber(10);\n        }</code></pre>\n\n",
    "PostedDate": "2015-04-16T20:01:00.197-07:00",
    "UserRole": null,
    "MarkedAsAnswerDate": null
  }
]