[
  {
    "Id": "1123851",
    "ThreadId": "468783",
    "Html": "Hi,<br />\n<br />\nFirst off let me just say that I love using NMock3. Altough I'm not using it daily I try to live the TDD lifestyle. <br />\n<br />\nMy problem is that I'm trying to create a unit test that will test if our internal communication component is receiving updates then I will convert the message and send it to another source. So I need to mock out (or stub out) my component. This is fine but I also need to fire the event in my test. So if I use an EventInvoker I will be able to get a handle to the event but the argument will only take EventArgs as argument when calling Invoke. I need to pass in my own class here which the delegate is declared with. Is there anyway to do this?<br />\n<div style=\"color:Black;background-color:White;\"><pre>\r\n<span style=\"color:Blue;\">var</span> mockFactory = <span style=\"color:Blue;\">new</span> MockFactory();\n<span style=\"color:Blue;\">var</span> mock = mockFactory.CreateMock&lt;ICommunicator&gt;();\n<span style=\"color:Blue;\">var</span> eventInvoker = mock.Stub.Out.EventBinding(_ =&gt; _.Updated += <span style=\"color:Blue;\">null</span>);\neventInvoker.Invoke(<span style=\"color:Blue;\">new</span> ValueUpdate(123));     <span style=\"color:Green;\">//Will only accept EventArgs</span>\r\n</pre></div>BTW I'm using .NET 3.5<br />\n<br />\nBR,<br />\nLinus<br />\n",
    "PostedDate": "2013-11-15T03:18:57.133-08:00",
    "UserRole": null,
    "MarkedAsAnswerDate": null
  },
  {
    "Id": "1123863",
    "ThreadId": "468783",
    "Html": "Nevermind I found the DelegateBinding (mock.Stub.Out.DelegateBinding) which is what I'm looking for.<br />\n",
    "PostedDate": "2013-11-15T04:23:09.167-08:00",
    "UserRole": null,
    "MarkedAsAnswerDate": null
  }
]