[
  {
    "Id": "205321",
    "Title": "Are you using NMock3?  Let us know!",
    "LatestDate": "2010-09-08T05:58:36.35-07:00"
  },
  {
    "Id": "208516",
    "Title": "Our first blog post review?",
    "LatestDate": "2010-04-06T19:06:44.237-07:00"
  },
  {
    "Id": "223979",
    "Title": "Namespace back to \"NMock\"",
    "LatestDate": "2010-09-08T05:44:35.22-07:00"
  },
  {
    "Id": "227353",
    "Title": "Poll: Which Isolation Framework do you use?",
    "LatestDate": "2010-09-15T11:44:57.427-07:00"
  },
  {
    "Id": "227990",
    "Title": "Parallel.ForEach and NMock3",
    "LatestDate": "2010-09-24T07:22:12.52-07:00"
  },
  {
    "Id": "241983",
    "Title": "When will the Release Candidate go Final?",
    "LatestDate": "2011-01-17T12:29:22.23-08:00"
  },
  {
    "Id": "245846",
    "Title": "Compiling NMock 3.0 RTM",
    "LatestDate": "2011-11-29T06:19:23.84-08:00"
  },
  {
    "Id": "258778",
    "Title": "Using matchers",
    "LatestDate": "2011-10-17T02:51:56.08-07:00"
  },
  {
    "Id": "262536",
    "Title": "Silverlight support",
    "LatestDate": "2011-09-11T23:43:54.857-07:00"
  },
  {
    "Id": "262538",
    "Title": "Mocking members",
    "LatestDate": "2011-08-11T02:32:28.05-07:00"
  },
  {
    "Id": "272249",
    "Title": "Setting return value is mandatory?",
    "LatestDate": "2011-09-11T23:47:43.883-07:00"
  },
  {
    "Id": "281103",
    "Title": "Horrifyingly Noobish Question",
    "LatestDate": "2012-07-06T10:34:29.077-07:00"
  },
  {
    "Id": "351835",
    "Title": "MockStyle.Transparent not working?",
    "LatestDate": "2012-04-10T12:30:03.21-07:00"
  },
  {
    "Id": "468783",
    "Title": "Problem with EventBinding",
    "LatestDate": "2013-11-15T04:23:09.167-08:00"
  },
  {
    "Id": "544831",
    "Title": "fire event let the object sender null ",
    "LatestDate": "2014-08-07T21:36:59.28-07:00"
  },
  {
    "Id": "581290",
    "Title": "TDD with Mock Object",
    "LatestDate": "2015-02-18T07:10:26.303-08:00"
  },
  {
    "Id": "631158",
    "Title": "How to Expect and Assert a method without return?",
    "LatestDate": "2015-04-16T20:01:00.197-07:00"
  }
]