[
  {
    "Id": "631971",
    "ThreadId": "262536",
    "Html": "\r\n<p>Is there a silverlight version of NMock3? Are we planning this in future?</p>\r\n",
    "PostedDate": "2011-06-23T10:08:29.427-07:00",
    "UserRole": null,
    "MarkedAsAnswerDate": null
  },
  {
    "Id": "648387",
    "ThreadId": "262536",
    "Html": "<p>Jim4u,</p>\r\n<p>Please check out the new Silverlight binary and let me know what you think!</p>",
    "PostedDate": "2011-07-27T10:05:57.32-07:00",
    "UserRole": null,
    "MarkedAsAnswerDate": null
  },
  {
    "Id": "648793",
    "ThreadId": "262536",
    "Html": "<p>Hello, where can I find it? Is it included in the latest download?</p>",
    "PostedDate": "2011-07-28T01:23:58.757-07:00",
    "UserRole": null,
    "MarkedAsAnswerDate": null
  },
  {
    "Id": "648972",
    "ThreadId": "262536",
    "Html": "<p>On the downloads page there is now a SL4 version for Silverlight.</p>\n<p>Don't forget to help the folks at <a href=\"http://agunit.codeplex.com/\">http://agunit.codeplex.com/</a>&nbsp;and their Silverlight testing plug-in for Resharper 6.&nbsp; If you aren't using Resharper, I would like to know if you are using the Visual Studio Silverlight testing framework or something else.</p>\n<p>If you download the source code for NMock3, there are Silverlight unit tests you can look at.</p>",
    "PostedDate": "2011-07-28T06:51:09.963-07:00",
    "UserRole": null,
    "MarkedAsAnswerDate": null
  },
  {
    "Id": "670453",
    "ThreadId": "262536",
    "Html": "<p>I have not worked on SilverLight yet, this was for a colleague. I have passed on this link to him.</p>\r\n<p>&nbsp;</p>\r\n<p>Thanks,</p>\r\n<p>Jim</p>",
    "PostedDate": "2011-09-11T23:43:54.857-07:00",
    "UserRole": null,
    "MarkedAsAnswerDate": null
  }
]