[
  {
    "Id": "481925",
    "ThreadId": "223979",
    "Html": "First of all, great job on NMock3!! The property syntax and awesome use of intellisense make NMock3 even easier to use!\r\n\r\nI have integrated NMock3 in several projects now and have trained two different development teams on its use!\r\n\r\nOne suggestion I have is to change the namespace. I know you didn't want to make it &quot;NMock3&quot; as the best practice is to not use versions in namespaces, but leaving it as &quot;NMock2&quot; is just as bad. I have to constantly address the issue with new users by &quot;explaining&quot; why they need a &quot;Using NMock2&quot; line when they are really using NMock3, LOL.\r\n\r\nI would like to advocate that the next release change the namespace to &quot;NMock&quot;. I know this will require some refactoring of existing applications, but I believe it to be a cleaner solution.\r\n\r\nAt the very least, could there be a new download, in addition to the exitings ones, that would use the &quot;NMock&quot; namespace? That way a downloader could choose which namespace they wanted to use.\r\n\r\nBTW, would also like to offer my help in completing the tutorials and documentation if needed.\r\n\r\nJust a suggestion and KEEP UP THE GREAT WORK!\r\n\r\nJohn Borders\r\nmailto:ScubaJockey@yahoo.com\r\n",
    "PostedDate": "2010-08-18T09:00:39.897-07:00",
    "UserRole": null,
    "MarkedAsAnswerDate": null
  },
  {
    "Id": "490632",
    "ThreadId": "223979",
    "Html": "<p>I fully agree. I'd prefer to have the numbering removed from the namespace as well.</p>\r\n<p>To use the new NMock, projects will have to be recompiled anyway. As no features were removed from NMock 2.1, there's no reason to keep using NMock 2.1 in parallel with NMock 3.0, thus I might as well do a quick search and replace on &quot;using namespace NMock2&quot; and reference the new NMock.</p>",
    "PostedDate": "2010-09-08T05:44:35.22-07:00",
    "UserRole": null,
    "MarkedAsAnswerDate": null
  }
]