[
  {
    "Id": "494007",
    "ThreadId": "227353",
    "Html": "<p>There's a poll to see which mocking framework people use on Roy Osherove's blog:</p>\r\n<p><a title=\"View Roy Osherove's mocking framework poll\" href=\"http://weblogs.asp.net/rosherove/archive/2010/09/10/2010-poll-which-isolation-framework-do-you-use-in-net.aspx\">http://weblogs.asp.net/rosherove/archive/2010/09/10/2010-poll-which-isolation-framework-do-you-use-in-net.aspx</a></p>\r\n<p>Currently, Moq has the lead (375 votes), then RhinoMocks (334 votes) and... erm... a bit behind is NMock2 (11 votes). To me, Moq's syntax still looks ugly and I don't agree with the default stub-everything behavior, but it seems to be right on track to become one of the major players :)</p>",
    "PostedDate": "2010-09-15T11:44:57.427-07:00",
    "UserRole": null,
    "MarkedAsAnswerDate": null
  }
]