[
  {
    "Id": "1243529",
    "ThreadId": "544831",
    "Html": "I am refering to the NMockTest coming with NMock3:\r<br />\n<br />\nin the test method, the result of EventBinding is store into an invoker and the binding is indeed done with a event handler method _test_Event(object sender, EventArgs e) . \r<br />\n<br />\nAs expected,  when invoker.invoke is called the event handler method is invoked so that we can see that the event is fired. \r<br />\n<br />\nMy point is that the object sender remains null.\r<br />\n<br />\nany idea?\r<br />\n<br />\nthanks for your help!<br />\n<pre><code>        [TestMethod]\n        public void EventTest()\n        {\n            var mock = _factory.CreateMock&lt;ITest&gt;();\n            var invoker = mock.Expects.One.EventBinding(_ =&gt; _.Event += null);\n\n            var controller = new Controller(mock.MockObject);\n            controller.InitEvents();\n\n            Assert.IsNull(controller.Status);\n            invoker.Invoke();\n            Assert.AreEqual(&quot;Event Fired!&quot;, controller.Status);\n\n        }\n\n        public interface ITest\n        {\n            string Prop { get; set; }\n            Version Method(int a, int b, int c, int d);\n            string Method(Version version);\n            event EventHandler Event;\n        }\n        public class Controller\n        {\n            public string Status;\n            private ITest _test;\n            public Controller(ITest test)\n            {\n                _test = test;\n            }\n\n            public string PropActions(string arg1)\n            {\n                _test.Prop = arg1;\n                return _test.Prop + arg1;\n            }\n            public Version GetVersion(int a, int b, int c, int d)\n            {\n                return _test.Method(a, b, c, d);\n            }\n            public string GetVersion(Version version)\n            {\n                return _test.Method(version).ToString();\n            }\n            public void InitEvents()\n            {\n                _test.Event += _test_Event;\n            }\n\n            void _test_Event(object sender, EventArgs e)\n            {\n                Status = &quot;Event Fired!&quot;;\n            }\n        }\n    }\n</code></pre>\n\n",
    "PostedDate": "2014-05-09T08:42:57.013-07:00",
    "UserRole": null,
    "MarkedAsAnswerDate": null
  },
  {
    "Id": "1287878",
    "ThreadId": "544831",
    "Html": "Hello dadakoko,\r<br />\n<br />\nThe invoker.Invoke() method is overloaded so that you can pass in a sender.  Just call invoker.Invoke(sender, null); where sender is your object.<br />\n",
    "PostedDate": "2014-08-07T21:36:59.28-07:00",
    "UserRole": null,
    "MarkedAsAnswerDate": null
  }
]