[
  {
    "Id": "565436",
    "ThreadId": "245846",
    "Html": "<p>Hi!</p>\n<p>I'm trying to compile NMock3 myself. I've downloaded revision 62490 from CodePlex source code repository. I believe the 3.0 RTM sources are in <code>RELEASES\\3.0 RC1\\</code> (the <code>RELEASES\\3.0\\</code> directory is empty).</p>\n<p>Because as a second step I want to compile NMock3 on Mono, I tried to create a project that doesn't rely on ILMerge. This is what I did:</p>\n<ul>\n<li>Added everything in <code>RELEASES\\3.0 RC1\\Source\\NMock2\\</code> to my project </li>\n<li>Added everything in <code>RELEASES\\3.0 RC1\\Source\\NMock3\\</code> to my project </li>\n<li>Downloaded Castle.Core 2.5.2, made all classes internal and added them to my project </li>\n<li>Configured <code>DynProxy.snk</code> as an embedded resource, fixed resource path in <code>ModuleScope.cs</code></li>\n</ul>\n<p>The assembly builds fine, but when I try to use it, I get a TypeLoadException saying \"Access is denied: 'Castle.DynamicProxy.CompositionInvocation'\" whereas the very same test works with the binary release from CodePlex.</p>\n<p>Is there anything else I might need to do? The only difference I noticed was that the CodePlex binary release was compiled for .NET 4.0.20926 (that's .NET 4.0 Beta 2 afaik) whereas mine is compiled for .NET 4.0.30319 (.NET 4.0 RTM). That's odd, but I don't  think it's the reason...</p>",
    "PostedDate": "2011-02-13T08:27:04.033-08:00",
    "UserRole": null,
    "MarkedAsAnswerDate": null
  },
  {
    "Id": "565492",
    "ThreadId": "245846",
    "Html": "<p>Got it working now, but somewhere between having all of Castle.Core.* and Castle.DynamicProxy.* public and making it internal, the thing breaks.</p>\r\n<p>I wonder what ILMerge is doing differently from me. I'll change classes to internal piece by piece until I have the class responsible for the break. Maybe then I'll see more.</p>",
    "PostedDate": "2011-02-13T11:29:56.28-08:00",
    "UserRole": null,
    "MarkedAsAnswerDate": null
  },
  {
    "Id": "565532",
    "ThreadId": "245846",
    "Html": "<p>Internalizing any of these classes breaks my internalized copy of Castle.Core in NMock3:</p>\n<ul>\n<li>AbstractInvocation </li>\n<li>CompositionInvocation </li>\n<li>IInterceptor </li>\n<li>IInterceptorSelector </li>\n<li>IInvocation </li>\n<li>InheritanceInvocation </li>\n<li>IProxyGenerationHook </li>\n<li>IProxyTargetAccessor </li>\n</ul>\n<p>Can't tell what ILMerge does differently yet.</p>",
    "PostedDate": "2011-02-13T12:31:15.707-08:00",
    "UserRole": null,
    "MarkedAsAnswerDate": null
  },
  {
    "Id": "572090",
    "ThreadId": "245846",
    "Html": "<p>It appears that this is an issue with Castle.Core: for some reason, above types need to be visible to the dynamic mock assembly.</p>\r\n<ul>\r\n<li> Adding an InternalsVisibleTo(\"CastleDynProxyGen\") works for mocks in assemblies without a strong name but is only possible if NMock3.dll is not signed (because a strong-named assembly can only make its internals visible to another strong-named assembly).</li>\r\n<li>Vice versa, if you strong-name NMock3 dll and add the public key to in the InternalsVisibleTo() attribute, it will work for mocking strong-named assemblies only.</li>\r\n</ul>\r\n<p>Because I _really_ don't want to expose the Castle.* namespaces in NMock3 (think of using future Castle.Core version at the same time as NMock3 in your assembly), I created two personal builds of NMock3, one for assemblies with a strong name and one for assemblies without. I also avoided ILMerge, so my assemblies target .NET 4.0 RTM (although there's a newer ILMerge release available from Microsoft, maybe that fixes it, too).</p>\r\n<p>In case anyone is interested, these are my builds: <a title=\"Download binaries for release 3.0.20.0 of NMock3\" href=\"https://devel.nuclex.org/external/svn/nmock/tags/3.0.20.0\" target=\"_blank\">https://devel.nuclex.org/external/svn/nmock/tags/3.0.20.0</a> (a patch with my changes can be found if you go up two directory levels). The Mono builds should for all that matters be identical to the Windows ones but were, obviously, compiled using Mono (on an x64 Linux system).</p>",
    "PostedDate": "2011-02-25T05:23:01.65-08:00",
    "UserRole": null,
    "MarkedAsAnswerDate": null
  },
  {
    "Id": "626506",
    "ThreadId": "245846",
    "Html": "<p>Greetings Cygon,</p>\r\n<p>I'm trying to build nmock3 using monodevelop 2.2 (the version that comes with Ubuntu 10.04LTS). I've managed to apply the patch, but I'm still having some issues. (The compiler just seems to explode). Can you tell me what version of mono you used to build your patched version?</p>\r\n<p>Thanks,</p>\r\n<p>Peter-Frank Spierenburg.</p>",
    "PostedDate": "2011-06-11T22:12:40-07:00",
    "UserRole": null,
    "MarkedAsAnswerDate": null
  },
  {
    "Id": "699006",
    "ThreadId": "245846",
    "Html": "<p>Hi Cygon,</p>\r\n<p>have you finally found a solution how you can avoid exposing Castle.* namespaces in your assembly without having the problem to distinguish between assemblies with/without strong name?</p>\r\n<p>Br,</p>\r\n<p>Andreas</p>",
    "PostedDate": "2011-11-16T07:33:15.453-08:00",
    "UserRole": null,
    "MarkedAsAnswerDate": null
  },
  {
    "Id": "704754",
    "ThreadId": "245846",
    "Html": "<p>Sorry, seems like I wasn't subscribed to this thread and didn't see the replies.</p>\r\n<p>@alaendle: Nope. Sorry, I'm not even looking for a \"solution\" right now since I don't see having two NMock DLLs as a problem. I doubt there even is a way to avoid that since you can't put InternalsVisibleTo() to a strong-named assembly in a weak-named one and vice versa.</p>\r\n<p>@deftware: I think I used xbuild on Mono 2.6 or 2.8. I'm currently running Mono 2.10.5 and there are 3 compilation errors, one seems trivial and the other two are probably due to a missing reference to System.Configuration.dll. Shouldn't be too hard to fix :)</p>",
    "PostedDate": "2011-11-29T06:19:23.84-08:00",
    "UserRole": null,
    "MarkedAsAnswerDate": null
  }
]