[
  {
    "Id": "550114",
    "ThreadId": "241983",
    "Html": "\r\n<p>Hi!</p>\r\n<p>I've been holding out on upgrading to NMock3 because I hoped that some suggestions (like the namespace change discussed here:\r\n<a title=\"View another thread discussing a namespace change in NMock3\" href=\"http://nmock3.codeplex.com/Thread/View.aspx?ThreadId=223979\">\r\nNamespace back to &quot;NMock&quot;</a>) might still be applied before going final.</p>\r\n<p>Do you have some estimate for when the Release Candidate will become final? Any planned changes holding it back?</p>\r\n",
    "PostedDate": "2011-01-16T06:53:36.947-08:00",
    "UserRole": null,
    "MarkedAsAnswerDate": null
  },
  {
    "Id": "550744",
    "ThreadId": "241983",
    "Html": "\r\n<p>Hi Cygon,</p>\r\n<p>Thanks for the reminder.&nbsp; All of the planned changes have been made.&nbsp; You can download the latest code and begin using it.&nbsp; I will post a final version this week and hopefully follow up with more complete tutorials and examples.</p>\r\n",
    "PostedDate": "2011-01-17T12:29:22.23-08:00",
    "UserRole": null,
    "MarkedAsAnswerDate": null
  }
]