[
  {
    "Id": "631973",
    "ThreadId": "262538",
    "Html": "\r\n<p>A colleague showed me how MOQ can create a mock of not only an object, but also the members of that object.</p>\r\n<p>For example, if you have an interface ICar which has a property Controller which is defined as IControllable, then when you create a mock of ICar, MOQ creates a mock automatically for the Controller property too.</p>\r\n<p>Is there any way to achieve a similar behaviour using NMock3? I have tried creating mocks with Stub, RecursiveStub, options...</p>\r\n",
    "PostedDate": "2011-06-23T10:11:44.69-07:00",
    "UserRole": null,
    "MarkedAsAnswerDate": null
  },
  {
    "Id": "648391",
    "ThreadId": "262538",
    "Html": "<p>Hi Jim4u,</p>\r\n<p>That is what the Stub is supposed to do.&nbsp; I haven't spent much time with it, I have only converted it from what NMock2 did with it.&nbsp; If it is something you are finding lots of uses for, I can look into it.</p>",
    "PostedDate": "2011-07-27T10:08:12.613-07:00",
    "UserRole": null,
    "MarkedAsAnswerDate": null
  },
  {
    "Id": "648796",
    "ThreadId": "262538",
    "Html": "<p>Hello,</p>\r\n<p>This will save us some work.&nbsp; I create mocks of some objects by using the MockStyle.Stub parameter when I don't really care about the operations done on that object. If that object has properties that are again interface types, for example public IMovable Movable, I have to explicitly create&nbsp;mocks for them too. It would be nice if it can be like MOQ and I won't have to create stubs for the members when I have created a stub of the object.</p>\r\n<p>Can you please let me know what RecursiveStub means?</p>\r\n<p>Jim</p>",
    "PostedDate": "2011-07-28T01:28:59.4-07:00",
    "UserRole": null,
    "MarkedAsAnswerDate": null
  },
  {
    "Id": "649048",
    "ThreadId": "262538",
    "Html": "<p>Hi Jim4u,</p>\r\n<p>I am working on some unit tests for the Stub feature in NMock3.&nbsp; Can you give me some examples of how you think it should work and I will get the code shored up.&nbsp; I need to know if you expect to be able to stub event handlers and setting of properties.&nbsp; I can only think of reasons to stub property gets and method calls.&nbsp; I am looking into recursivestub and that looks like it may go away.&nbsp; Stub may also go away because a Mock&lt;T&gt; created by using the MockStyle.Default because it supports stubbing automatically.&nbsp; Here is an example</p>\r\n<p>&nbsp;</p>\r\n<div style=\"color: black; background-color: white;\">\r\n<pre><span style=\"color: blue;\">private</span> Mock&lt;IParentInterface&gt; parentInterfaceMock;\r\nparentInterfaceMock = Factory.CreateMock&lt;IParentInterface&gt;(<span style=\"color: #a31515;\">\"parentInterfaceMock\"</span>);\r\n\r\n\r\nmock.Stub.Out.GetProperty(_ =&gt; _.ReadWriteObjectProperty, <span style=\"color: blue;\">new</span> Version(1, 2, 3, 4));\r\nVersion v = mock.MockObject.ReadWriteObjectProperty;\r\nVersion v2 = mock.MockObject.ReadWriteObjectProperty;\r\n\r\nAssert.IsTrue(v.Major == 1 &amp;&amp; v.Minor == 2 &amp;&amp; v.Build == 3 &amp;&amp; v.Revision == 4);\r\nAssert.IsTrue(v2.Major == 1 &amp;&amp; v2.Minor == 2 &amp;&amp; v2.Build == 3 &amp;&amp; v2.Revision == 4);\r\n\r\n</pre>\r\n</div>",
    "PostedDate": "2011-07-28T09:09:59.133-07:00",
    "UserRole": null,
    "MarkedAsAnswerDate": null
  },
  {
    "Id": "656392",
    "ThreadId": "262538",
    "Html": "<p>Hello,</p>\r\n<p>I'm sorry for the rather late reply.</p>\r\n<p>As I said, it would be nice if Stub of a type will automatically create stubs of member properties also. No, setting of properties don't need to be taken care of. We just want to avoid creating stubs of member properties <em>and</em> therefore operations on the members of the properties. I don't know if we need to do anything about method calls.</p>\r\n<p>I don't understand when you say that &lt;<em>Stub may also go away because a Mock&lt;T&gt; created by using the MockStyle.Default because it supports stubbing automatically.</em>&gt;. What if we don't care about any interactions with a mock object? Then, we can create a mock of that object by specifying MockStyle.Stub. If we use MockStyle.Default, we have to write code to Stub out interaction with each member like you have done.</p>\r\n<p>Jim</p>",
    "PostedDate": "2011-08-11T02:32:28.05-07:00",
    "UserRole": null,
    "MarkedAsAnswerDate": null
  }
]