[
  {
    "Id": "822100",
    "ThreadId": "351835",
    "Html": "<p>I wanted to ask this publicly before opening up an issue, but it appears to me that MockStyle.Transparent is not working as designed. &nbsp;I'm currently using it to mock a class, then stub out single functions of that class (tried with and without the abstract  modifier on the class). &nbsp;Each function I'm stubbing is public, and I've tried with and without the virtual modifier.</p>\n<p>The problem I'm seeing is that even after stubbing a method, the underlying implementation is still executed. &nbsp;The return value, however, is the one specified in my Stub.Out.Method command. &nbsp;So what I observe is that my tests pass, but the underlying implementation  throws all kinds of errors when it's executed. &nbsp;Here's a simple example:</p>\n<p><br /> MockFactory mocks;<br /> Mock&lt;Database&gt; dbMock = mocks.CreateMock&lt;Database&gt;(MockStyle.Transparent);<br /> dbMock.Stub.Out.Method(x =&gt; x.WriteData(null)).WithAnyArguments().WillReturn(\"customReturnVal\");<br /> Assert.AreEqual(\"customReturnVal\", dbMock.WriteData(null));</p>\n<p><br /> The test passes, but the actual implementation of WriteData(null) is executed! &nbsp;Is there something I'm likely to be missing? &nbsp;Please let me know if more info is desired, thanks.</p>",
    "PostedDate": "2012-04-10T12:30:03.21-07:00",
    "UserRole": null,
    "MarkedAsAnswerDate": null
  }
]