{
  "WorkItem": {
    "AffectedComponent": {
      "Name": "",
      "DisplayName": ""
    },
    "ClosedComment": "",
    "ClosedDate": "2010-01-12T22:46:20.343-08:00",
    "CommentCount": 0,
    "Custom": null,
    "Description": "The build number shouldn't be a .* but a manually incremented number.",
    "LastUpdatedDate": "2017-12-11T16:25:06.083-08:00",
    "PlannedForRelease": "",
    "ReleaseVisibleToPublic": false,
    "Priority": {
      "Name": "Medium",
      "Severity": 100,
      "Id": 2
    },
    "ProjectName": "NMock3",
    "ReportedDate": "2010-01-12T22:43:56.45-08:00",
    "Status": {
      "Name": "Closed",
      "Id": 4
    },
    "ReasonClosed": {
      "Name": "Unassigned"
    },
    "Summary": "Build number should be a manual update",
    "Type": {
      "Name": "Issue",
      "Id": 3
    },
    "VoteCount": 1,
    "Id": 5202
  },
  "FileAttachments": [],
  "Comments": [
    {
      "Message": "Resolved with changeset 40296.",
      "PostedDate": "2010-01-12T22:46:20.343-08:00",
      "Id": -2147483648
    },
    {
      "Message": "",
      "PostedDate": "2013-02-21T16:12:49.587-08:00",
      "Id": -2147483648
    },
    {
      "Message": "",
      "PostedDate": "2013-05-16T03:41:25.267-07:00",
      "Id": -2147483648
    },
    {
      "Message": "",
      "PostedDate": "2017-12-11T16:25:06.083-08:00",
      "Id": -2147483648
    }
  ]
}