{
  "WorkItem": {
    "AffectedComponent": {
      "Name": "",
      "DisplayName": ""
    },
    "ClosedComment": "",
    "ClosedDate": null,
    "CommentCount": 0,
    "Custom": null,
    "Description": "I am not able to use lamda expressions inside the Expects.MethodWith . If i am passing the lamda expressions it is always throwing exception.\nEx :  Expect.On(this.shedulerAppService)\n            .AtLeast(1)\n            .MethodWith(p => p.GetFiltered(it=>it.ID==3)).Will(null);",
    "LastUpdatedDate": "2014-04-15T21:15:59.3-07:00",
    "PlannedForRelease": "",
    "ReleaseVisibleToPublic": false,
    "Priority": {
      "Name": "Unassigned",
      "Severity": 0,
      "Id": 0
    },
    "ProjectName": "NMock3",
    "ReportedDate": "2014-04-15T21:15:59.3-07:00",
    "Status": {
      "Name": "Proposed",
      "Id": 1
    },
    "ReasonClosed": {
      "Name": "Unassigned"
    },
    "Summary": "I am not able to use lamda expressions inside the Expects.MethodWith",
    "Type": {
      "Name": "Unassigned",
      "Id": 5
    },
    "VoteCount": 1,
    "Id": 11671
  },
  "FileAttachments": [],
  "Comments": []
}