{
  "WorkItem": {
    "AffectedComponent": {
      "Name": "",
      "DisplayName": ""
    },
    "ClosedComment": "Closing because of no response since 9&#47;16&#47;10.  Suggest to try with current version.",
    "ClosedDate": "2011-07-27T13:28:11.63-07:00",
    "CommentCount": 0,
    "Custom": null,
    "Description": "Hi,\n \nwhen I use the binary for .Net 3.5 I get the exception \n\"Type 'foo' from assembly 'DynamicProxyGenAssembly2, Version=0.0.0.0, Culture=neutral, PublicKeyToken=null' is attempting to implement an inaccessible interface\"\nThe mocked interface is public an defined in the same assembly like the mock-call.\n \nCompiled for .Net 4 with a reference to the .Net 4-mock-binary my little test works fine.\n \nRegards,\nDirk",
    "LastUpdatedDate": "2013-05-16T03:41:24.9-07:00",
    "PlannedForRelease": "",
    "ReleaseVisibleToPublic": false,
    "Priority": {
      "Name": "Low",
      "Severity": 50,
      "Id": 1
    },
    "ProjectName": "NMock3",
    "ReportedDate": "2010-07-08T00:36:30.027-07:00",
    "Status": {
      "Name": "Closed",
      "Id": 4
    },
    "ReasonClosed": {
      "Name": "Unassigned"
    },
    "Summary": "Exception when using NMock3 - Beta 6, .NET 3.5",
    "Type": {
      "Name": "Issue",
      "Id": 3
    },
    "VoteCount": 1,
    "Id": 6671
  },
  "FileAttachments": [],
  "Comments": [
    {
      "Message": "Your setup seems right.  Can you provide a code sample?  ",
      "PostedDate": "2010-09-16T11:19:05.033-07:00",
      "Id": -2147483648
    },
    {
      "Message": "",
      "PostedDate": "2011-07-27T13:28:11.63-07:00",
      "Id": -2147483648
    },
    {
      "Message": "",
      "PostedDate": "2013-02-21T16:12:49.2-08:00",
      "Id": -2147483648
    },
    {
      "Message": "",
      "PostedDate": "2013-05-16T03:41:24.9-07:00",
      "Id": -2147483648
    }
  ]
}