{
  "WorkItem": {
    "AffectedComponent": {
      "Name": "",
      "DisplayName": ""
    },
    "ClosedComment": "",
    "ClosedDate": null,
    "CommentCount": 0,
    "Custom": null,
    "Description": "When a Mock is created with mockStyle = MockStyle.Transparent, the underlying implementation is executed even when an Expect or Stub statement is used to override certain functions or properties.  The return value of the function or property is correctly set according by the WillReturn() statement, so it appears that the underlying implementation is executed, and its return value discarded.  Exceptions are not disregarded this way.  In my case, they are being thrown to NUnit and resulting in failing tests.",
    "LastUpdatedDate": "2013-06-14T00:22:58.047-07:00",
    "PlannedForRelease": "NMock3 v3.3",
    "ReleaseVisibleToPublic": false,
    "Priority": {
      "Name": "Low",
      "Severity": 50,
      "Id": 1
    },
    "ProjectName": "NMock3",
    "ReportedDate": "2012-05-08T16:30:51.1-07:00",
    "Status": {
      "Name": "Resolved",
      "Id": 7
    },
    "ReasonClosed": {
      "Name": "Unassigned"
    },
    "Summary": "MockStyle.Transparent not working as expected",
    "Type": {
      "Name": "Issue",
      "Id": 3
    },
    "VoteCount": 1,
    "Id": 10152
  },
  "FileAttachments": [],
  "Comments": []
}