[
  {
    "Id": 5201,
    "Title": "Handling non-void return types from MethodWith"
  },
  {
    "Id": 5202,
    "Title": "Build number should be a manual update"
  },
  {
    "Id": 5203,
    "Title": "Build event for NMock2 has invalid path"
  },
  {
    "Id": 6671,
    "Title": "Exception when using NMock3 - Beta 6, .NET 3.5"
  },
  {
    "Id": 8189,
    "Title": "(Duplicate Please delete) Expects.Exactly(int) doesn't work as expected"
  },
  {
    "Id": 8190,
    "Title": "Expects.Exactly(int) doesn't work as expected"
  },
  {
    "Id": 10152,
    "Title": "MockStyle.Transparent not working as expected"
  },
  {
    "Id": 11570,
    "Title": "DelegateReturnAction doesn't seem to invoke the delegate correctly"
  },
  {
    "Id": 11671,
    "Title": "I am not able to use lamda expressions inside the Expects.MethodWith"
  },
  {
    "Id": 11879,
    "Title": "Not able to create stubs"
  },
  {
    "Id": 12465,
    "Title": "Mocking not working on Interface with C# Optional Paramaters"
  }
]