{
  "WorkItem": {
    "AffectedComponent": {
      "Name": "",
      "DisplayName": ""
    },
    "ClosedComment": "",
    "ClosedDate": null,
    "CommentCount": 0,
    "Custom": null,
    "Description": "i am not able to create stubs using nmock3 framework. using a code like : \nMockfactory factory = new Mockfactory ();\nStub<Calculation> _stub = factory.createstub<Calculation>();\n\nin the second line, intellisense does not show the option of createstub<>.  Is there any site to which i can refer for syntax and short examples of stubs ?",
    "LastUpdatedDate": "2014-09-22T04:01:15.02-07:00",
    "PlannedForRelease": "",
    "ReleaseVisibleToPublic": false,
    "Priority": {
      "Name": "Unassigned",
      "Severity": 0,
      "Id": 0
    },
    "ProjectName": "NMock3",
    "ReportedDate": "2014-09-22T03:59:33.407-07:00",
    "Status": {
      "Name": "Proposed",
      "Id": 1
    },
    "ReasonClosed": {
      "Name": "Unassigned"
    },
    "Summary": "Not able to create stubs",
    "Type": {
      "Name": "Unassigned",
      "Id": 5
    },
    "VoteCount": 1,
    "Id": 11879
  },
  "FileAttachments": [
    {
      "FileId": 3906,
      "FileName": "Stubexample.vsmdi",
      "DownloadUrl": ".\\3906"
    }
  ],
  "Comments": [
    {
      "Message": "i am not able to create stubs using nmock3 framework. using a code like : \nMockfactory factory = new Mockfactory ();\n Stub<Calculation> _stub = factory.createstub<Calculation>();\n \nin the second line, intellisense does not show the option of createstub<>. Is there any site to which i can refer for syntax and short examples of stubs ?",
      "PostedDate": "2014-09-22T04:01:15.02-07:00",
      "Id": -2147483648
    }
  ]
}