{
  "WorkItem": {
    "AffectedComponent": {
      "Name": "",
      "DisplayName": ""
    },
    "ClosedComment": "duplicate",
    "ClosedDate": "2011-07-27T13:17:02.683-07:00",
    "CommentCount": 0,
    "Custom": null,
    "Description": "I believe there is an issue with the Expects.Exactly(int) functionality.  The code appears to check that the actual number of calls does not exceed the number of expected calls.  Consider the following scenarios\n \nScenario 1:\n Expect Exactly = 4\n Actual = 4 passes as expected\n \nScenario 2:\n Expect Exactly = 4\n Actual = 5 fails as expected\n \nscenario 3:\n Expect Exactly  = 4\n Actual = 3  passes when it should faile",
    "LastUpdatedDate": "2013-05-16T03:41:24.73-07:00",
    "PlannedForRelease": "",
    "ReleaseVisibleToPublic": false,
    "Priority": {
      "Name": "Low",
      "Severity": 50,
      "Id": 1
    },
    "ProjectName": "NMock3",
    "ReportedDate": "2011-03-02T10:23:20.337-08:00",
    "Status": {
      "Name": "Closed",
      "Id": 4
    },
    "ReasonClosed": {
      "Name": "Unassigned"
    },
    "Summary": "(Duplicate Please delete) Expects.Exactly(int) doesn't work as expected",
    "Type": {
      "Name": "Issue",
      "Id": 3
    },
    "VoteCount": 1,
    "Id": 8189
  },
  "FileAttachments": [],
  "Comments": []
}