{
  "WorkItem": {
    "AffectedComponent": {
      "Name": "",
      "DisplayName": ""
    },
    "ClosedComment": "",
    "ClosedDate": "2010-01-12T22:46:19.39-08:00",
    "CommentCount": 0,
    "Custom": null,
    "Description": "MethodWith can only handle void return types and classes that have default constructors because of a MessageGrabber limitation.",
    "LastUpdatedDate": "2017-12-11T16:25:04.847-08:00",
    "PlannedForRelease": "",
    "ReleaseVisibleToPublic": false,
    "Priority": {
      "Name": "High",
      "Severity": 150,
      "Id": 3
    },
    "ProjectName": "NMock3",
    "ReportedDate": "2010-01-12T22:42:28.543-08:00",
    "Status": {
      "Name": "Closed",
      "Id": 4
    },
    "ReasonClosed": {
      "Name": "Unassigned"
    },
    "Summary": "Handling non-void return types from MethodWith",
    "Type": {
      "Name": "Issue",
      "Id": 3
    },
    "VoteCount": 1,
    "Id": 5201
  },
  "FileAttachments": [],
  "Comments": [
    {
      "Message": "Resolved with changeset 40296.",
      "PostedDate": "2010-01-12T22:46:19.39-08:00",
      "Id": -2147483648
    },
    {
      "Message": "",
      "PostedDate": "2013-02-21T16:12:49.753-08:00",
      "Id": -2147483648
    },
    {
      "Message": "",
      "PostedDate": "2013-05-16T03:41:25.497-07:00",
      "Id": -2147483648
    },
    {
      "Message": "",
      "PostedDate": "2017-12-11T16:25:04.847-08:00",
      "Id": -2147483648
    }
  ]
}