{
  "WorkItem": {
    "AffectedComponent": {
      "Name": "",
      "DisplayName": ""
    },
    "ClosedComment": "",
    "ClosedDate": null,
    "CommentCount": 0,
    "Custom": null,
    "Description": "In DelegateReturnAction.cs\n\n```\nvoid IAction.Invoke(Invocation invocation)\n{\n\tif (_invokeFunc != null)\n\t\tinvocation.Result = _invokeFunc(invocation);\n\telse\n\t\tinvocation.Result = _func; // should be _func() instead?\n}\n```",
    "LastUpdatedDate": "2014-03-24T00:59:54.353-07:00",
    "PlannedForRelease": "",
    "ReleaseVisibleToPublic": false,
    "Priority": {
      "Name": "Unassigned",
      "Severity": 0,
      "Id": 0
    },
    "ProjectName": "NMock3",
    "ReportedDate": "2014-02-11T11:17:02.87-08:00",
    "Status": {
      "Name": "Proposed",
      "Id": 1
    },
    "ReasonClosed": {
      "Name": "Unassigned"
    },
    "Summary": "DelegateReturnAction doesn't seem to invoke the delegate correctly",
    "Type": {
      "Name": "Unassigned",
      "Id": 5
    },
    "VoteCount": 2,
    "Id": 11570
  },
  "FileAttachments": [],
  "Comments": []
}