{
  "WorkItem": {
    "AffectedComponent": {
      "Name": "",
      "DisplayName": ""
    },
    "ClosedComment": "",
    "ClosedDate": null,
    "CommentCount": 0,
    "Custom": null,
    "Description": "Hi,\n\nI am currently using NMock3 as the Mocking Framework. I ran into an issue where we have an Interface clearly indicated with Optional parameters. But the unit tests are forcing to pass those optional parameters. \n\nBelow is a example snippet:\n```\npublic interface IApiFactory\n    {\n        ApiWebService GetApiWebServiceInstance(string url, uint? sendTimeout = null, uint? \n               receiveTimeout = null, uint? openTimeout = null, uint? closeTimeout = null);\n    }\n```\n\nUnit test:\n```\n_mockApiFactory.Expects.One.Method(v => v.GetApiWebServiceInstance(\"\"))\n                .With(Is.TypeOf(typeof(string)))\n                .WillReturn(_mockApiWebService.MockObject);\n```\n\nI get compile errors as below:\nAn expression tree may not contain a call or invocation that uses optional arguments\n\nIs this an issue seen by others Or is there other alternatives? \n\nThank you,\nKiran",
    "LastUpdatedDate": "2017-06-09T13:40:30.553-07:00",
    "PlannedForRelease": "",
    "ReleaseVisibleToPublic": false,
    "Priority": {
      "Name": "Unassigned",
      "Severity": 0,
      "Id": 0
    },
    "ProjectName": "NMock3",
    "ReportedDate": "2017-06-09T13:37:54.907-07:00",
    "Status": {
      "Name": "Proposed",
      "Id": 1
    },
    "ReasonClosed": {
      "Name": "Unassigned"
    },
    "Summary": "Mocking not working on Interface with C# Optional Paramaters",
    "Type": {
      "Name": "Unassigned",
      "Id": 5
    },
    "VoteCount": 1,
    "Id": 12465
  },
  "FileAttachments": [],
  "Comments": []
}