{
  "WorkItem": {
    "AffectedComponent": {
      "Name": "",
      "DisplayName": ""
    },
    "ClosedComment": "",
    "ClosedDate": null,
    "CommentCount": 0,
    "Custom": null,
    "Description": "I believe there is an issue with the Expects.Exactly(int) functionality.  The code appears to check that the actual number of calls does not exceed the number of expected calls.  Consider the following scenarios\n \nScenario 1:\n Expect Exactly = 4\n Actual = 4 passes as expected\n \nScenario 2:\n Expect Exactly = 4\n Actual = 5 fails as expected\n \nscenario 3:\n Expect Exactly  = 4\n Actual = 3  passes when it should faile",
    "LastUpdatedDate": "2013-02-21T16:12:48.87-08:00",
    "PlannedForRelease": "",
    "ReleaseVisibleToPublic": false,
    "Priority": {
      "Name": "Low",
      "Severity": 50,
      "Id": 1
    },
    "ProjectName": "NMock3",
    "ReportedDate": "2011-03-02T10:23:25.517-08:00",
    "Status": {
      "Name": "Proposed",
      "Id": 1
    },
    "ReasonClosed": {
      "Name": "Unassigned"
    },
    "Summary": "Expects.Exactly(int) doesn't work as expected",
    "Type": {
      "Name": "Issue",
      "Id": 3
    },
    "VoteCount": 1,
    "Id": 8190
  },
  "FileAttachments": [],
  "Comments": [
    {
      "Message": "I do not see this behavior.  Can you please post a unit test that demostrates it?  There are specific unit tests in the code base that are testing this functionality and they are passing.  Thanks.",
      "PostedDate": "2011-07-27T13:16:30.893-07:00",
      "Id": -2147483648
    },
    {
      "Message": "",
      "PostedDate": "2013-02-21T16:12:48.87-08:00",
      "Id": -2147483648
    }
  ]
}