{
  "WorkItem": {
    "AffectedComponent": {
      "Name": "",
      "DisplayName": ""
    },
    "ClosedComment": "",
    "ClosedDate": "2010-01-12T22:46:20.563-08:00",
    "CommentCount": 0,
    "Custom": null,
    "Description": "The path to the Castle.DynamicProxy2.dll is invalid.  This causes a reference to the dll necessary when using NMock3.",
    "LastUpdatedDate": "2017-12-11T16:25:06.253-08:00",
    "PlannedForRelease": "",
    "ReleaseVisibleToPublic": false,
    "Priority": {
      "Name": "Medium",
      "Severity": 100,
      "Id": 2
    },
    "ProjectName": "NMock3",
    "ReportedDate": "2010-01-12T22:45:07.233-08:00",
    "Status": {
      "Name": "Closed",
      "Id": 4
    },
    "ReasonClosed": {
      "Name": "Unassigned"
    },
    "Summary": "Build event for NMock2 has invalid path",
    "Type": {
      "Name": "Issue",
      "Id": 3
    },
    "VoteCount": 1,
    "Id": 5203
  },
  "FileAttachments": [],
  "Comments": [
    {
      "Message": "Resolved with changeset 40296.",
      "PostedDate": "2010-01-12T22:46:20.563-08:00",
      "Id": -2147483648
    },
    {
      "Message": "",
      "PostedDate": "2013-02-21T16:12:49.407-08:00",
      "Id": -2147483648
    },
    {
      "Message": "",
      "PostedDate": "2013-05-16T03:41:25.06-07:00",
      "Id": -2147483648
    },
    {
      "Message": "",
      "PostedDate": "2017-12-11T16:25:06.253-08:00",
      "Id": -2147483648
    }
  ]
}