[
  {
    "Id": "0",
    "Name": "NMock3 v3.5.44",
    "DevelopmentStatus": "Stable",
    "Description": "Release with new features, bug fixes, and a new cheat sheet.  NMock3 is now being distributed via NuGet.  Please update your projects to get the newest from there.\n\n[url:http://nuget.org/packages/NMock3]",
    "ReleasedDatge": "0001-01-01T00:00:00",
    "ModifiedDate": "2013-09-25T13:19:05.157-07:00",
    "Files": [
      {
        "Id": "e4a3d3ed-ae6a-4ce2-bd57-9677e4d6fbfd",
        "FileName": "NMock3 NetFx4 v3.5.44.0.zip",
        "Url": "./0/e4a3d3ed-ae6a-4ce2-bd57-9677e4d6fbfd",
        "Type": "Application",
        "UploadDate": "2013-06-24T14:36:22.717-07:00"
      },
      {
        "Id": "eb3da03f-b916-451b-82e8-ebc0ffad180a",
        "FileName": "NMock3 NetFx3.5 v3.5.44.0.zip",
        "Url": "./0/eb3da03f-b916-451b-82e8-ebc0ffad180a",
        "Type": "Application",
        "UploadDate": "2013-06-24T14:36:22.84-07:00"
      },
      {
        "Id": "1a2c7ca4-2225-44d0-b515-13670e9f917a",
        "FileName": "NMock3 SL4.0 v3.5.44.0.zip",
        "Url": "./0/1a2c7ca4-2225-44d0-b515-13670e9f917a",
        "Type": "Application",
        "UploadDate": "2013-06-24T14:36:23.013-07:00"
      },
      {
        "Id": "ea1e83de-735f-4fee-86d8-fe5b107d5dcf",
        "FileName": "NMock3 Cheat Sheet.pdf",
        "Url": "./0/ea1e83de-735f-4fee-86d8-fe5b107d5dcf",
        "Type": "Documentation",
        "UploadDate": "2013-09-25T13:19:04.393-07:00"
      },
      {
        "Id": "a0afd671-e609-42b3-b78e-99ed0769d870",
        "FileName": "Tutorial.zip",
        "Url": "./0/a0afd671-e609-42b3-b78e-99ed0769d870",
        "Type": "Example",
        "UploadDate": "2013-06-27T14:58:38.62-07:00"
      }
    ]
  }
]