[
  {
    "Title": "FAQ",
    "Id": "455003",
    "ParentWikiTitle": "Documentation",
    "FileExtension": "codeplexwiki",
    "UpdatedDate": "2011-07-27T10:12:09.517-07:00",
    "FileAttachments": []
  },
  {
    "Title": "Roadmap",
    "Id": "373759",
    "ParentWikiTitle": "Home",
    "FileExtension": "codeplexwiki",
    "UpdatedDate": "2011-01-26T13:51:59.98-08:00",
    "FileAttachments": []
  },
  {
    "Title": "Home",
    "Id": "247378",
    "ParentWikiTitle": "Home",
    "FileExtension": "codeplexwiki",
    "UpdatedDate": "2010-03-13T22:44:10.017-08:00",
    "FileAttachments": [
      {
        "Id": "d6801e6f-6750-43f9-9047-7a1578a23c94",
        "FileName": "icon.png",
        "DownloadUri": "./247378/d6801e6f-6750-43f9-9047-7a1578a23c94"
      }
    ]
  },
  {
    "Title": "Documentation",
    "Id": "242193",
    "ParentWikiTitle": "Documentation",
    "FileExtension": "codeplexwiki",
    "UpdatedDate": "2010-02-27T20:24:49.397-08:00",
    "FileAttachments": []
  }
]
